,logfoldchange,pvals,logfoldchange,pvals
CNFN,-1.6543937921524048,0.007036031500633762,-2.255210876464844,1.1687779428862238e-07
CRYBG3,-1.1841256618499756,0.0006815258386081742,-1.2184606790542605,0.03035106858722573
EFHC1,-26.458534240722656,0.0015636919287811124,-1.049655199050903,0.0031418278569560125
HDDC3,-1.0272239446640017,0.000309154540503537,-1.0349218845367432,0.015068066533831503
SBF2-AS1,-2.0079667568206787,2.3648237273416575e-08,-1.9267619848251345,2.020321716828024e-11
