,logfoldchange,pvals,logfoldchange,pvals
CCNA1,1.5663124322891235,0.002645039529762189,2.4522411823272705,2.3777946856522563e-09
CD74,3.3794164657592773,1.3423103563554055e-12,1.213913083076477,3.5780507204474266e-06
LMO2,1.816962957382202,0.008459820797637406,1.616629123687744,3.5021385732551224e-10
PLAU,1.4125087261199951,1.0474443479089789e-14,1.2101255655288696,1.0539805829459145e-14
SNAPC1,1.343846082687378,1.8242839609527862e-36,1.2837703227996826,8.981137995442479e-12
UPF3B,1.1047852039337158,1.5407796830741462e-08,1.1684890985488892,2.1702528094138334e-20
