,logfoldchange,pvals,logfoldchange,pvals
CNFN,-1.6543937921524048,0.007036031500633762,-1.5204638242721558,3.998361236295574e-09
NR1D2,-1.20271098613739,3.277668240604448e-05,-1.2405073642730713,0.00016676846193555518
OPN3,-1.2517075538635254,5.059130215957383e-05,-1.1268681287765503,2.949450576278534e-11
PPARA,-1.4588556289672852,0.004857476691923279,-1.5822221040725708,0.02060213814217864
PPP2R3A,-1.889275074005127,0.00012940408152339143,-1.0158859491348269,0.037407885311737527
SBF2-AS1,-2.0079667568206787,2.3648237273416575e-08,-1.3876372575759888,4.031647298049978e-13
SLC16A7,-1.4250056743621826,7.753404123199741e-06,-1.4636635780334473,0.041799665657647735
ZNF791,-1.4674458503723145,6.547374150027916e-05,-1.1373682022094729,0.0006441649348245715
