,logfoldchange,pvals,logfoldchange,pvals
AHNAK2,-1.2940436601638794,0.009815601663009859,-1.5361453294754028,6.861785013322318e-69
ANKH,-1.294080138206482,0.04589367423203068,-1.4036728143692017,2.754099918909126e-59
DAAM1,-1.297716498374939,0.04508214204400229,-1.1876776218414309,4.7113441421728484e-76
MEIS2,-1.3086758852005005,0.002165881529778695,-1.227624535560608,1.309266025744449e-13
OPN3,-1.2517075538635254,5.059130215957383e-05,-1.4398634433746338,5.754815562520647e-20
PPARA,-1.4588556289672852,0.004857476691923279,-1.2426310777664185,0.032857015463494094
SLC16A7,-1.4250056743621826,7.753404123199741e-06,-3.9350566864013667,0.00029887403088436036
