,logfoldchange,pvals,logfoldchange,pvals
ILF3-AS1,-1.6069575548171997,2.534177922724564e-16,-1.0529924631118774,3.471451417892821e-07
SLC16A7,-1.4250056743621826,7.753404123199741e-06,-3.4727299213409424,4.752957842639283e-05
