,logfoldchange,pvals,logfoldchange,pvals
APOLD1,-1.0412068367004397,0.04839952052290848,-1.4241950511932373,0.03598064001526411
C21orf58,-1.182533860206604,9.777133389003004e-11,-1.1621884107589722,7.55186015869691e-05
MXD3,-2.318755626678467,5.421970510852274e-07,-1.1039444208145142,0.0005570276916103665
ZNF804A,-1.2884635925292969,1.0782272456030232e-06,-1.86920166015625,3.636382165604743e-08
