,logfoldchange,pvals,logfoldchange,pvals
C21orf58,-1.182533860206604,9.777133389003004e-11,-1.2879637479782104,0.0011359262448301887
ZNF804A,-1.2884635925292969,1.0782272456030232e-06,-1.3464454412460327,0.0012620318216771224
