,logfoldchange,pvals,logfoldchange,pvals
APOLD1,-1.0412068367004397,0.04839952052290848,-2.0542159080505367,0.0005363753690342514
C21orf58,-1.182533860206604,9.777133389003004e-11,-1.1682933568954468,2.383001411716868e-07
CDH18,-1.2283586263656616,0.006149522777600503,-1.0328600406646729,7.978145622537093e-12
MXD3,-2.318755626678467,5.421970510852274e-07,-1.048784255981445,9.369075777171543e-06
