,logfoldchange,pvals,logfoldchange,pvals
ZNF804A,-1.2884635925292969,1.0782272456030232e-06,-1.5292657613754272,1.7130708185709817e-06
