,logfoldchange,pvals,logfoldchange,pvals
CD74,3.364357709884644,3.296829749963306e-75,1.598153591156006,6.711879479986293e-05
