,logfoldchange,pvals,logfoldchange,pvals
SBF2-AS1,-1.9756271839141848,3.372061148453406e-20,-1.9267619848251345,2.020321716828024e-11
