,logfoldchange,pvals,logfoldchange,pvals
CCNA1,1.1317535638809204,1.4728523647638482e-07,2.4522411823272705,2.3777946856522563e-09
CD74,3.671919822692871,5.806940557791002e-81,1.213913083076477,3.5780507204474266e-06
CXCL1,1.346906065940857,2.0247590053435408e-11,1.5729377269744873,0.006448312717262345
LMO2,1.570434808731079,2.3743319863782162e-08,1.616629123687744,3.5021385732551224e-10
PLAU,1.4758365154266355,1.3388945092506392e-71,1.2101255655288696,1.0539805829459145e-14
