,logfoldchange,pvals,logfoldchange,pvals
CCNA1,1.1317535638809204,1.4728523647638482e-07,2.391568899154663,1.3096478668507759e-25
CCNB1,1.4719451665878296,1.605891298281938e-114,1.3474687337875366,2.6463619119975785e-67
