,logfoldchange,pvals,logfoldchange,pvals
DUSP6,1.0644221305847168,3.818915981176694e-06,1.7093414068222046,3.847079515206586e-24
E2F3,1.009119153022766,0.00012177327155251638,1.1647220849990845,1.785349848512548e-12
FOSL1,1.0791033506393433,9.000079047427884e-15,2.7220170497894287,7.263892715661201e-107
G0S2,1.1142023801803589,7.655039052136943e-10,2.05977201461792,2.74687742454408e-36
MICAL2,1.0414482355117798,3.22963856584104e-05,1.192129135131836,0.014963452891739263
SLC35F6,1.1441140174865725,0.0016729518926225035,1.0160986185073853,1.3386663864163202e-14
WDR5,1.0403971672058103,0.028735970176004957,1.132472038269043,4.199021186884751e-32
