,logfoldchange,pvals,logfoldchange,pvals
ATP11C,1.215779423713684,0.03911137219671238,1.2827270030975342,2.588398198368487e-10
DUSP6,1.0644221305847168,3.818915981176694e-06,1.2383652925491333,7.561002298074407e-20
E2F3,1.009119153022766,0.00012177327155251638,1.1894469261169434,5.09890132314174e-19
FOSL1,1.0791033506393433,9.000079047427884e-15,2.760838747024536,6.87696703289622e-167
G0S2,1.1142023801803589,7.655039052136943e-10,2.403259038925171,2.8694602515140015e-82
MICAL2,1.0414482355117798,3.22963856584104e-05,2.013216733932495,1.5800227191833125e-12
SH2B3,1.5701018571853638,7.510479435454588e-05,1.4575077295303345,0.03433465230087627
WDR5,1.0403971672058103,0.028735970176004957,1.1719974279403689,6.199760320518751e-52
