,logfoldchange,pvals,logfoldchange,pvals
ANXA3,-1.7208545207977295,1.9916528710299373e-13,-1.0153132677078247,2.1843344224969527e-06
ELP2,-1.4441295862197876,0.011347460692403541,-1.9004706144332888,0.015170109373645747
