,logfoldchange,pvals,logfoldchange,pvals
ANXA4,-1.295242190361023,0.00025422431352993953,-1.3392269611358645,1.8640681857460902e-44
BDH2,-1.4021284580230713,0.04241318501693712,-1.2056337594985962,0.001718120160381982
CD9,-1.8005051612854004,3.731507109487578e-18,-1.0298668146133425,1.2437860227874335e-111
CNFN,-26.789897918701172,0.0022414875030776927,-1.5204638242721558,3.998361236295574e-09
KRT19,-2.216437339782715,5.489421780360522e-23,-1.0800141096115112,2.8899867645495037e-185
NMU,-1.3117835521697998,0.01658606915584554,-1.0497517585754397,1.4687783382043376e-07
TUBA1A,-1.1180424690246582,0.00042487671450248255,-1.248233199119568,5.6028712936463816e-12
