,logfoldchange,pvals,logfoldchange,pvals
DUSP6,1.0644221305847168,3.818915981176694e-06,1.6620947122573853,1.3291190671401207e-30
FOSL1,1.0791033506393433,9.000079047427884e-15,2.6198883056640625,3.7385990027015706e-107
G0S2,1.1142023801803589,7.655039052136943e-10,2.372799158096313,1.9067132920768849e-59
MICAL2,1.0414482355117798,3.22963856584104e-05,1.9664449691772459,3.735156840649558e-09
MKI67,1.1754111051559448,2.6257005984192836e-14,1.016305923461914,2.1910423405722785e-41
PODXL,1.0289615392684937,0.0007403789365466702,1.0714178085327148,1.2451648587180029e-06
RASSF8,1.2777122259140017,0.008820924087036981,1.1904851198196411,2.0288448367750133e-07
WDR5,1.0403971672058103,0.028735970176004957,1.3910560607910156,1.1571518557995053e-53
