,logfoldchange,pvals,logfoldchange,pvals
ANXA4,-1.295242190361023,0.00025422431352993953,-1.0634559392929075,1.3369034809829523e-29
BDH2,-1.4021284580230713,0.04241318501693712,-1.807628870010376,5.594486142483285e-06
CNFN,-26.789897918701172,0.0022414875030776927,-1.9134550094604488,1.4509299808679824e-11
TUBA1A,-1.1180424690246582,0.00042487671450248255,-1.2570061683654783,6.2101679250422625e-12
