,logfoldchange,pvals,logfoldchange,pvals
CNFN,-26.789897918701172,0.0022414875030776927,-2.255210876464844,1.1687779428862238e-07
DHRS4L2,-1.1736825704574585,0.03694428328816796,-1.2778881788253784,2.998046292029771e-06
GALK1,-1.1125686168670654,0.00014875753701586224,-1.094116449356079,9.935434829594399e-05
