,logfoldchange,pvals,logfoldchange,pvals
TCF19,1.2946468591690063,1.3066385627975735e-07,1.275056004524231,0.0007824800351372051
TIMELESS,1.3069430589675903,0.002378987706901173,1.4156357049942017,0.004708623164377979
