,logfoldchange,pvals,logfoldchange,pvals
BDH2,-1.4021284580230713,0.04241318501693712,-1.3507477045059204,9.91662469504133e-07
CNFN,-26.789897918701172,0.0022414875030776927,-1.2620621919631958,2.7700155021417852e-11
GSTA4,-2.1079792976379395,0.004278455817462078,-1.7878621816635132,3.6397209875508956e-09
KRT19,-2.216437339782715,5.489421780360522e-23,-1.0115772485733032,1.5384315958923611e-263
NPHP1,-1.0712023973464966,0.044361224689874065,-1.370022177696228,1.813108548791034e-05
RABAC1,-1.4814609289169312,7.510043636887146e-11,-1.1335352659225464,4.434526928460423e-105
TUBA1A,-1.1180424690246582,0.00042487671450248255,-1.1752965450286863,9.40256890056222e-18
