signature,log2FC
DIO2,-2.51139068603516
IVL,-2.3467288017273
SEMA5A,-2.02714800834656
