signature,log2FC
LINC00958,4.65475606918335
LY6D,3.71831154823303
WIPF3,3.58724474906921
PTGS1,3.15107011795044
BAIAP2L2,2.91104626655579
MMP1,2.77606225013733
SRGN,2.54317975044251
NEURL1,2.51584672927856
SLC43A3,2.32955121994019
ANKRD1,2.19913792610168
HAS2,2.1633083820343
IL7R,2.13132357597351
PAQR5,2.0063784122467
