signature,log2FC
BCAS1,-2.2306432723999
RP1-124C6.1,-2.01755475997925
