signature,log2FC
SPRR1B,-5.06604385375977
SPTSSB,-4.75235509872437
DEFB1,-3.77919983863831
CALML5,-3.25201678276062
C8orf4,-3.18279457092285
HBE1,-3.0625364780426
GJB6,-2.72503209114075
EPHB6,-2.61386108398438
VILL,-2.52740097045898
S100P,-2.37770223617554
S100A14,-2.35757327079773
KRT13,-2.31750178337097
FOLR1,-2.23826837539673
MUC4,-2.01622772216797
BCAS1,-2.01575326919556
