signature,log2FC
LY6D,3.5591139793396
CALML5,2.47344946861267
LINC00958,4.18152666091919
PTGS1,2.17808389663696
PADI3,4.82013559341431
SRGN,2.14432144165039
LINC01419,-2.08083653450012
