signature,log2FC
LY6D,3.10526132583618
CYP1B1,2.0584089756012
LINC00958,4.39083194732666
WIPF3,2.43082189559937
MMP13,-2.61717081069946
EDIL3,-2.82001757621765
IVL,-3.13329482078552
BHLHE41,-2.30153012275696
ELF3,-2.15684652328491
