signature,log2FC
LINC00958,4.57752132415772
LY6D,3.91567921638489
CYP1B1,2.51458430290222
GJB6,2.33411312103272
FRMD3,2.06955695152283
CALML5,2.02397775650024
