signature,log2FC
HIST1H3H,2.42481446266174
HIST1H3G,2.33074402809143
RP1-34B20.21,2.0696427822113
TROAP,2.05892705917358
HIST1H2BJ,2.01185870170593
