signature,log2FC
LINC00958,4.78739452362061
SRGN,3.0505793094635
PGF,2.69233775138855
FHL1,2.66440105438232
