signature,log2FC
LY6D,3.10638546943665
MMP1,2.01915383338928
CYP1B1,2.07235550880432
LINC00958,4.18297433853149
PTGS1,2.03695631027222
GPR153,2.17766189575195
MAP2K6,-4.2207498550415
PLCE1,-2.07609510421753
MMP13,-2.3323700428009
CALCOCO1,-2.01994919776917
EDIL3,-3.24016618728638
WIPI1,-2.54528665542603
IVL,-2.97262859344482
LINC01419,-2.82649922370911
NUPR1,-2.40945386886597
ATF3,-2.29677057266235
