signature,log2FC
IVL,-3.13329482078552
EDIL3,-2.82001757621765
MMP13,-2.61717081069946
BHLHE41,-2.30153012275696
ELF3,-2.15684652328491
