signature,log2FC
PADI3,4.82013559341431
LINC00958,4.18152666091919
LY6D,3.5591139793396
CALML5,2.47344946861267
PTGS1,2.17808389663696
SRGN,2.14432144165039
