signature,log2FC
TBC1D30,2.34718656539917
HOXD13,2.18713212013245
SEMA5A,-2.02714800834656
IVL,-2.3467288017273
DIO2,-2.51139068603516
