signature,log2FC
TBC1D30,2.34718656539917
HOXD13,2.18713212013245
