signature,log2FC
LY6D,2.57270908355713
FHL1,2.51462554931641
LINC00958,4.99405002593994
F8A3,2.03414273262024
CYP1B1,2.21343088150024
SRGN,2.78357696533203
FRMD3,2.04061555862427
CCBE1,2.99693083763123
ADTRP,2.14435648918152
PCSK9,-2.35132598876953
CNTN5,-5.31255531311035
ZSCAN18,-4.90845632553101
SLC7A8,-2.58583545684814
RP11-138I17.1,-3.1767680644989
SEMA5A,-3.93315124511719
IVL,-3.06057500839233
LINC01419,-5.78239154815674
