signature,log2FC
LINC00958,4.65949678421021
LY6D,4.19271373748779
CYP1B1,2.95292210578918
S100P,2.84249687194824
CALML5,2.53031826019287
CCNE2,2.1893675327301
FRMD3,2.15773439407349
KRT17,2.0659646987915
CTHRC1,2.0571014881134
HLA-DPB1,2.02460551261902
ALOX5,2.01127195358276
