signature,log2FC
ALDH1A1,-2.82233357429504
SEPP1,-2.55449986457825
HIST1H1B,-2.38077569007874
RP1-124C6.1,-2.32632422447205
BCAS1,-2.14070534706116
HIST1H1A,-2.1321280002594
