signature,log2FC
LY6D,3.91567921638489
CALML5,2.02397775650024
CYP1B1,2.51458430290222
LINC00958,4.57752132415772
FRMD3,2.06955695152283
GJB6,2.33411312103272
RP11-138I17.1,-2.78035855293274
