signature,log2FC
DHRS9,2.16002011299133
ETV4,2.13100838661194
WIPF3,2.09960842132568
POLR3G,2.02610969543457
SPANXC,2.02600407600403
