signature,log2FC
MAP2K6,-4.2207498550415
EDIL3,-3.24016618728638
IVL,-2.97262859344482
LINC01419,-2.82649922370911
WIPI1,-2.54528665542603
NUPR1,-2.40945386886597
MMP13,-2.3323700428009
ATF3,-2.29677057266235
PLCE1,-2.07609510421753
CALCOCO1,-2.01994919776917
