signature,log2FC
TROAP,2.05892705917358
HIST1H3H,2.42481446266174
HIST1H2BJ,2.01185870170593
RP1-34B20.21,2.0696427822113
HIST1H3G,2.33074402809143
ALDH1A1,-2.82233357429504
BCAS1,-2.14070534706116
SEPP1,-2.55449986457825
HIST1H1B,-2.38077569007874
RP1-124C6.1,-2.32632422447205
HIST1H1A,-2.1321280002594
