signature,log2FC
LINC00958,4.18297433853149
LY6D,3.10638546943665
GPR153,2.17766189575195
CYP1B1,2.07235550880432
PTGS1,2.03695631027222
MMP1,2.01915383338928
