signature,log2FC
LINC00958,4.25876140594482
THY1,3.93174862861633
PTGS1,3.37481212615967
LY6D,3.36174631118774
PADI3,3.19337630271912
SRGN,2.94450974464417
ETV4,2.88193368911743
RP11-149I23.3,2.45439910888672
BAIAP2L2,2.38478207588196
OXTR,2.33518743515015
MMP1,2.24147343635559
NPB,2.10985064506531
FOSL1,2.0969717502594
IL7R,2.01759243011475
