signature,log2FC
POLR3G,2.02610969543457
SPANXC,2.02600407600403
ETV4,2.13100838661194
WIPF3,2.09960842132568
DHRS9,2.16002011299133
BCAS1,-2.2306432723999
RP1-124C6.1,-2.01755475997925
