signature,log2FC
RP11-350J20.12,24.9787673950195
LINC00958,4.9161958694458
BARX2,3.78448081016541
SRGN,3.25840711593628
CCBE1,3.14323806762695
TGM2,3.02811527252197
FHL1,2.88154196739197
COL13A1,2.85696053504944
PGF,2.62024974822998
PAPPA,2.49116563796997
KLRG2,2.4092812538147
ADTRP,2.39517712593079
NTSR1,2.27347326278687
SLC35F3,2.11885690689087
EBI3,2.11005592346191
TNFAIP3,2.09875893592834
