signature,log2FC
BCAS1,-2.01575326919556
MUC4,-2.01622772216797
FOLR1,-2.23826837539673
KRT13,-2.31750178337097
S100A14,-2.35757327079773
S100P,-2.37770223617554
VILL,-2.52740097045898
EPHB6,-2.61386108398438
GJB6,-2.72503209114075
HBE1,-3.0625364780426
C8orf4,-3.18279457092285
CALML5,-3.25201678276062
DEFB1,-3.77919983863831
SPTSSB,-4.75235509872437
SPRR1B,-5.06604385375977
