signature,log2FC
LINC00958,4.736732006073
LY6D,3.99534630775452
GGT6,2.80131506919861
SRGN,2.77017545700073
BAIAP2L2,2.43512463569641
SLC43A3,2.29503297805786
NEURL1,2.13698029518127
CCNE1,2.10289335250855
SLFN13,2.08897876739502
CTHRC1,2.08603978157043
HLA-DPB1,2.04907894134521
SEMA5A,-2.01752924919128
LINC01419,-2.05271029472351
IVL,-2.36887955665588
NKX2-8,-3.24097037315369
DHRS4,-3.9697368144989
PPP2R2B,-4.48863983154297
