signature,log2FC
LINC00958,4.39083194732666
LY6D,3.10526132583618
WIPF3,2.43082189559937
CYP1B1,2.0584089756012
