signature,log2FC
RP11-149I23.3,2.3772246837616
DSCR8,2.28402352333069
PAGE5,1.71064841747284
C4BPB,1.24610030651093
S100A4,1.23396027088165
HMGN5,1.11219966411591
