signature,log2FC
SUSD3,-1.04653918743134
SLAMF7,-1.065220952034
SOX4,-1.06563997268677
SERINC2,-1.19638049602509
S100A4,-1.41061842441559
FAM49A,-2.36198163032532
DSCR8,-2.79291224479675
PCSK1N,-3.17568421363831
