signature,log2FC
RP11-149I23.3,2.3772246837616
DSCR8,2.28402352333069
