signature,log2FC
GALNT8,2.34299349784851
PTPRN2,1.87512159347534
STXBP6,1.74992978572845
RAP1GAP2,1.65985500812531
RP11-774D14.1,1.65678298473358
MMP1,1.56636643409729
PDE1C,1.53999257087708
GAL,1.51971065998077
SPANXB1,1.49649703502655
URB1-AS1,1.31931948661804
VSTM1,1.31506109237671
SEMA3A,1.2457275390625
SPANXC,1.24383163452148
JOSD2,1.24212598800659
MAGEA6,1.14209771156311
DGUOK-AS1,1.05463480949402
