signature,log2FC
GALNT8,-2.04399752616882
STXBP6,-2.15981435775757
DCLK1,-2.24846005439758
BCL2A1,-2.35517597198486
EPB41L3,-3.16094040870667
