signature,log2FC
FAM49A,-2.36198163032532
DSCR8,-2.79291224479675
PCSK1N,-3.17568421363831
