signature,log2FC
ITM2A,4.3678297996521
PCSK1N,4.06223964691162
HLA-DRB1,4.01410341262817
HLA-DRA,3.22887063026428
CD74,3.03053712844849
HLA-DMA,2.99975800514221
TRAC,2.71910691261292
RP11-326I11.3,2.30090427398682
FAM84A,2.17013573646545
EPHA4,2.12860131263733
GABBR2,2.10254812240601
GPAT2,2.0566258430481
RP11-148B18.1,2.04906439781189
