signature,log2FC
PCSK1N,5.15079116821289
HLA-DRB1,4.4939432144165
CCDC190,4.44284915924072
ITM2A,4.37573051452637
RP11-676J12.7,4.04226398468018
IFI27,3.77698731422424
TMCO2,3.75072979927063
GMFG,3.72409629821777
HLA-DRA,3.59720230102539
PPP1R14C,3.40146398544312
CD74,3.37941646575928
BEX5,3.0016827583313
CLEC2B,2.31482768058777
HLA-DMA,2.26995539665222
HMGN5,2.19797420501709
CCNB1,2.06859946250916
IFIT1,2.0485143661499
ECM1,2.00328755378723
