signature,log2FC
AR,3.91658020019531
ADGRE1,3.55887389183044
DSCR8,3.4229793548584
TMCO2,2.80005097389221
TMLHE,2.75969886779785
PCSK1N,2.70436000823975
RP11-149I23.3,2.58676266670227
SERPINB2,2.53833317756653
CLDN4,2.49883365631104
PAGE5,2.41854763031006
FAM49A,2.33044028282166
KRTAP4-8,-2.03203177452087
NRIP3,-2.03384399414063
STXBP6,-2.05258107185364
EPB41L3,-3.03362894058228
GALNT8,-3.20124650001526
