signature,log2FC
LSR,-2.06200075149536
DMKN,-2.13136124610901
GABPB2,-2.1422758102417
WDR47,-2.22997403144836
DLC1,-2.38731145858765
S100A2,-2.62596154212952
TGFBI,-2.62791514396668
CATSPER1,-2.64886069297791
ZNF175,-2.77941656112671
PTGES,-2.93279457092285
SPARC,-3.3660192489624
KRT81,-4.22257709503174
KRT7,-4.35528039932251
