signature,log2FC
METTL6,-2.1086745262146
HSF2,-2.96442270278931
