signature,log2FC
CTC-425F1.4,3.42194080352783
NBPF10,3.35753798484802
LRRC75A,2.76202344894409
RP11-159D12.2,2.57633900642395
FAM206A,2.31838798522949
IQGAP3,2.30650877952576
CREB3L1,2.25423073768616
NBPF19,2.1753556728363
NRK,2.16154646873474
NBPF14,2.15936875343323
C1orf56,2.08399772644043
STC1,2.0123987197876
