signature,log2FC
EPB41L3,1.77039170265198
RAP1GAP2,1.4511034488678
MMP1,1.38489377498627
FN1,1.37464439868927
IMMP2L,1.29832708835602
PTPRN2,1.24959254264832
GAL,1.15695667266846
RP11-774D14.1,1.1431337594986
NUDT8,1.08640539646149
STXBP6,1.06475830078125
PDE1C,1.05720627307892
IL24,1.00453853607178
