signature,log2FC
KRTAP4-8,-2.03203177452087
NRIP3,-2.03384399414063
STXBP6,-2.05258107185364
EPB41L3,-3.03362894058228
GALNT8,-3.20124650001526
