signature,log2FC
CCL2,4.48818731307983
CTAG2,4.186692237854
ADGRE1,3.97926688194275
AR,3.78357338905334
PGM5,3.53474855422974
DSCR8,3.38342022895813
RP11-149I23.3,3.2869234085083
TMLHE,3.23205900192261
CST4,3.10029006004334
SERPINB2,3.03192949295044
TMCO2,2.81437754631043
PAGE5,2.72850918769836
SAA1,2.59170579910278
PCSK1N,2.58530783653259
FAM49A,2.29929804801941
SPDEF,2.17880368232727
C4BPB,2.08507561683655
MGAT4A,2.02179288864136
