signature,log2FC
AR,-2.02065396308899
ITM2A,-2.08632612228394
DSCR8,-2.10060620307922
GYPC,-2.2296462059021
PAGE5,-2.27920293807983
HLA-DRA,-2.28383183479309
TUBA3C,-2.29326820373535
LINC01322,-2.36326336860657
ABI3,-2.48795008659363
THBS2,-2.68040585517883
HLA-DRB1,-2.77760457992554
TMCO2,-2.87812447547913
